{
  "waypoints": [
    {
      "x": 1.4178394079208374,
      "y": 0.03610187768936157,
      "yaw": 1.5808400950507657
    },
    {
      "x": -0.35387465357780457,
      "y": 2.8383562564849854,
      "yaw": 3.1371220394985766
    },
    {
      "x": -1.7595903873443604,
      "y": 2.8922815322875977,
      "yaw": -1.5980818415725107
    }
  ],
  "timestamp": 1775208118.3604558
}