{
  "waypoints": [
    {
      "x": 1.1875433921813965,
      "y": 0.4827008843421936,
      "yaw": 1.8520250594746928
    },
    {
      "x": -1.1277265548706055,
      "y": 2.6527485847473145,
      "yaw": -1.3923893357375898
    },
    {
      "x": -2.580116033554077,
      "y": 2.3537330627441406,
      "yaw": -1.3734043284423418
    }
  ],
  "timestamp": 1775720094.6054761
}